issue,language,set,abbreviation,detail,sources
no card list,de,Promo HGSS,hgssp,2010-02-11,tcgdex
no card list,de,SW Promokarten,BWP,2011-04-26,tcgdex
no card list,de,Drachengruft,DRV,2012-10-05,tcgdex
no card list,de,XY Promokarten,XYP,2013-10-12,tcgdex
no card list,de,Gelbes-A-Alternativkarten,xya,2014-02-05,tcgdex
no card list,de,Celebrations Klassische Kollektion,CEL:CC,2021-10-08,tcgdex
no card list,de,Verborgene Quelle,A4a,2025-08-28,tcgdex
no card list,de,Feuerrote Flammen,B1a,2025-12-17,tcgdex
no card list,de,Traumhafte Parade,B2,2026-01-29,tcgdex
no card list,en,Base Set (Shadowless),BS,1999-01-09,database.xlsx
no card list,en,Topps Series 1,,1999-06-28,database.xlsx
no card list,en,Wizards of the Coast Promos,WP,1999-07-01,"database.xlsx,tcgdex"
no card list,en,The First Movie,,1999-11-12,database.xlsx
no card list,en,Jumbo cards,jumbo,2000-02-01,tcgdex
no card list,en,Topps Chrome Series 1,,2000-06-01,database.xlsx
no card list,en,Topps Series 2,,2000-06-01,database.xlsx
no card list,en,The Movie 2000,,2000-07-01,database.xlsx
no card list,en,Topps Chrome Series 2,,2000-12-01,database.xlsx
no card list,en,Topps Series 3,,2000-12-01,database.xlsx
no card list,en,Johto Series 1,,2001-02-01,database.xlsx
no card list,en,Johto Series 3,,2001-05-01,database.xlsx
no card list,en,Johto League Champions,,2001-11-01,database.xlsx
no card list,en,Energize Your Game Cycle 2002,EN02,2002-01-01,database.xlsx
no card list,en,Sample,sp,2002-08-01,tcgdex
no card list,en,Advanced,,2003-05-01,database.xlsx
no card list,en,WC Deck 2004 (Blaziken Tech),,2004-11-01,database.xlsx
no card list,en,WC Deck 2004 (Magma Spirit),,2004-11-01,database.xlsx
no card list,en,WC Deck 2004 (Rocky Beach),,2004-11-01,database.xlsx
no card list,en,WC Deck 2004 (Team Rushdown),,2004-11-01,database.xlsx
no card list,en,EX Team Rocket Returns,TR,2004-11-08,database.xlsx
no card list,en,2005 Energies,EN05,2005-01-01,database.xlsx
no card list,en,WC Deck 2005 (Bright Aura),,2005-10-31,database.xlsx
no card list,en,WC Deck 2005 (Dark Tyranitar),,2005-10-31,database.xlsx
no card list,en,WC Deck 2005 (King of the West),,2005-10-31,database.xlsx
no card list,en,WC Deck 2005 (Queendom),,2005-10-31,database.xlsx
no card list,en,2006 Energies,EN06,2006-01-01,database.xlsx
no card list,en,Next Quest,,2006-08-27,database.xlsx
no card list,en,WC Deck 2006 (B-L-S),,2006-10-31,database.xlsx
no card list,en,WC Deck 2006 (Eeveelutions),,2006-10-31,database.xlsx
no card list,en,WC Deck 2006 (Mewtrick),,2006-10-31,database.xlsx
no card list,en,WC Deck 2006 (Suns & Moons),,2006-10-31,database.xlsx
no card list,en,2007 Energies,EN07,2007-05-23,database.xlsx
no card list,en,WC Deck 2007 (Flyvees),,2007-11-19,database.xlsx
no card list,en,WC Deck 2007 (Legendary Ascent),,2007-11-19,database.xlsx
no card list,en,WC Deck 2007 (Rambolt),,2007-11-19,database.xlsx
no card list,en,WC Deck 2007 (Swift Empoleon),,2007-11-19,database.xlsx
no card list,en,Burger King Collection 2008,,2008-07-07,database.xlsx
no card list,en,WC Deck 2008 (Bliss Control),,2008-11-05,database.xlsx
no card list,en,WC Deck 2008 (Empotech),,2008-11-05,database.xlsx
no card list,en,WC Deck 2008 (Intimidation),,2008-11-05,database.xlsx
no card list,en,WC Deck 2008 (Psychic Lock),,2008-11-05,database.xlsx
no card list,en,2009 Energies,EN09,2009-01-01,database.xlsx
no card list,en,Burger King Collection 2009,,2009-06-01,database.xlsx
no card list,en,WC Deck 2009 (Crowned Tiger),,2009-10-28,database.xlsx
no card list,en,WC Deck 2009 (Luxdrill),,2009-10-28,database.xlsx
no card list,en,WC Deck 2009 (Queengar),,2009-10-28,database.xlsx
no card list,en,WC Deck 2009 (Stallgon),,2009-10-28,database.xlsx
no card list,en,2010 Energies,EN10,2010-01-01,database.xlsx
no card list,en,HeartGold & SoulSilver Promos,HSP,2010-02-01,database.xlsx
no card list,en,WC Deck 2010 (Boltevoir),,2010-11-01,database.xlsx
no card list,en,WC Deck 2010 (Happy Luck),,2010-11-01,database.xlsx
no card list,en,WC Deck 2010 (LuxChomp of the Spirit),,2010-11-01,database.xlsx
no card list,en,WC Deck 2010 (Power Cottonweed),,2010-11-01,database.xlsx
no card list,en,2011 Energies,EN11,2011-01-01,database.xlsx
no card list,en,WC Deck 2011 (Megazone),,2011-10-01,database.xlsx
no card list,en,WC Deck 2011 (Reshiphlosion),,2011-10-01,database.xlsx
no card list,en,WC Deck 2011 (The Truth),,2011-10-01,database.xlsx
no card list,en,WC Deck 2011 (Twinboar),,2011-10-01,database.xlsx
no card list,en,WC Deck 2012 (CMT),,2012-11-01,database.xlsx
no card list,en,WC Deck 2012 (Eeltwo),,2012-11-01,database.xlsx
no card list,en,WC Deck 2012 (Pesadelo Prism),,2012-11-01,database.xlsx
no card list,en,WC Deck 2012 (Terraki-Mewtwo),,2012-11-01,database.xlsx
no card list,en,2013 Energies,EN13,2013-01-01,database.xlsx
no card list,en,McDonald's Collection 2013,M13,2013-10-13,database.xlsx
no card list,en,WC Deck 2013 (American Gothic),,2013-11-04,database.xlsx
no card list,en,WC Deck 2013 (Anguille Sous Roche),,2013-11-04,database.xlsx
no card list,en,WC Deck 2013 (Darkrai),,2013-11-04,database.xlsx
no card list,en,WC Deck 2013 (Ultimate Team Plasma),,2013-11-04,database.xlsx
no card list,en,Legendary Treasures (Radiant Collection),LTR,2013-11-06,"database.xlsx,tcgdex"
no card list,en,WC Deck 2014 (Crazy Punch),,2014-11-01,database.xlsx
no card list,en,WC Deck 2014 (Emerald King),,2014-11-01,database.xlsx
no card list,en,WC Deck 2014 (Plasma Power),,2014-11-01,database.xlsx
no card list,en,WC Deck 2014 (Trevgor),,2014-11-01,database.xlsx
no card list,en,WC Deck 2015 (HonorStoise),,2015-11-01,database.xlsx
no card list,en,WC Deck 2015 (Primal Groudon),,2015-11-01,database.xlsx
no card list,en,WC Deck 2015 (Punches 'n' Bites),,2015-11-01,database.xlsx
no card list,en,WC Deck 2015 (The Flying Hammer),,2015-11-01,database.xlsx
no card list,en,Generations (Radiant Collection),GEN,2016-02-22,database.xlsx
no card list,en,WC Deck 2016 (Bebe Deck),,2016-11-01,database.xlsx
no card list,en,WC Deck 2016 (Black Dragon),,2016-11-01,database.xlsx
no card list,en,WC Deck 2016 (Magical Symphony),,2016-11-01,database.xlsx
no card list,en,WC Deck 2016 (Ninja Blitz),,2016-11-01,database.xlsx
no card list,en,2017 Energies,EN17,2017-02-03,database.xlsx
no card list,en,WC Deck 2017 (Golisodor),,2017-11-17,database.xlsx
no card list,en,WC Deck 2017 (Ice Path FTW),,2017-11-17,database.xlsx
no card list,en,WC Deck 2017 (Infinite Force),,2017-11-17,database.xlsx
no card list,en,WC Deck 2017 (Samurai Sniper),,2017-11-17,database.xlsx
no card list,en,McDonald's Collection 2018 (French),M18F,2018-06-13,database.xlsx
no card list,en,WC Deck 2018 (Buzzroc),,2018-11-14,database.xlsx
no card list,en,WC Deck 2018 (Dragones y Sombras),,2018-11-14,database.xlsx
no card list,en,WC Deck 2018 (Garbanette),,2018-11-14,database.xlsx
no card list,en,WC Deck 2018 (Victory Map),,2018-11-14,database.xlsx
no card list,en,2019 Energies,EN19,2019-02-01,database.xlsx
no card list,en,McDonald's Collection 2019 (French),M19F,2019-10-30,database.xlsx
no card list,en,WC Deck 2019 (Fire Box),,2019-11-22,database.xlsx
no card list,en,WC Deck 2019 (Mind Blown),,2019-11-22,database.xlsx
no card list,en,WC Deck 2019 (Perfection),,2019-11-22,database.xlsx
no card list,en,WC Deck 2019 (Pikarom Judge),,2019-11-22,database.xlsx
no card list,en,2020 Energies,EN20,2020-02-07,database.xlsx
no card list,en,Battle Academy 2020 (Charizard),,2020-06-21,database.xlsx
no card list,en,Battle Academy 2020 (Mewtwo),,2020-06-21,database.xlsx
no card list,en,Battle Academy 2020 (Pikachu),,2020-06-21,database.xlsx
no card list,en,2022 Energies,EN22,2022-02-25,database.xlsx
no card list,en,Battle Academy 2022 (Cinderace),,2022-05-25,database.xlsx
no card list,en,Battle Academy 2022 (Eevee),,2022-05-25,database.xlsx
no card list,en,Battle Academy 2022 (Pikachu),,2022-05-25,database.xlsx
no card list,en,Holiday Calendar 2022,,2022-09-01,database.xlsx
no card list,en,Trick or Trade 2022,,2022-09-01,database.xlsx
no card list,en,Play! Pokémon Prize Pack Series One,,2022-11-09,database.xlsx
no card list,en,Play! Pokémon Prize Pack Series Two,,2023-01-19,database.xlsx
no card list,en,WC Deck 2022 (ADP),,2023-03-03,database.xlsx
no card list,en,WC Deck 2022 (Cheryl Again),,2023-03-03,database.xlsx
no card list,en,WC Deck 2022 (Ice Rider Palkia),,2023-03-03,database.xlsx
no card list,en,WC Deck 2022 (The Shape of Mew),,2023-03-03,database.xlsx
no card list,en,McDonald's Match Battle 2023,M23,2023-07-27,database.xlsx
no card list,en,Play! Pokémon Prize Pack Series Three,,2023-08-14,database.xlsx
no card list,en,Holiday Calendar 2023,,2023-09-01,database.xlsx
no card list,en,Trick or Trade 2023,,2023-09-01,database.xlsx
no card list,en,My First Battle (Bulbasaur),FBB,2023-09-29,database.xlsx
no card list,en,My First Battle (Charmander),FBC,2023-09-29,database.xlsx
no card list,en,My First Battle (Pikachu),FBP,2023-09-29,database.xlsx
no card list,en,My First Battle (Squirtle),FBS,2023-09-29,database.xlsx
no card list,en,Pokémon TCG Classic (Blastoise),CLB,2023-11-17,database.xlsx
no card list,en,Pokémon TCG Classic (Charizard),CLC,2023-11-17,database.xlsx
no card list,en,Pokémon TCG Classic (Venusaur),CLV,2023-11-17,database.xlsx
no card list,en,Play! Pokémon Prize Pack Series Four,,2024-02-14,database.xlsx
no card list,en,WC Deck 2023 (Colorless Lugia),,2024-04-01,database.xlsx
no card list,en,WC Deck 2023 (Lost Box Kyogre),,2024-04-01,database.xlsx
no card list,en,WC Deck 2023 (Mew's Revenge),,2024-04-01,database.xlsx
no card list,en,WC Deck 2023 (Psychic Elegance),,2024-04-01,database.xlsx
no card list,en,Gym Series One,,2024-05-24,database.xlsx
no card list,en,Battle Academy 2024 (Armarouge),,2024-06-21,database.xlsx
no card list,en,Battle Academy 2024 (Darkrai),,2024-06-21,database.xlsx
no card list,en,Battle Academy 2024 (Pikachu),,2024-06-21,database.xlsx
no card list,en,Play! Pokémon Prize Pack Series Five,,2024-08-14,database.xlsx
no card list,en,Holiday Calendar 2024,,2024-08-23,database.xlsx
no card list,en,Trick or Trade 2024,,2024-08-30,database.xlsx
no card list,en,Play! Pokémon Prize Pack Series Six,,2025-02-14,database.xlsx
no card list,en,Gym Series Two,,2025-03-28,database.xlsx
no card list,en,WC Deck 2024 (Ancient Toolbox),,2025-05-16,database.xlsx
no card list,en,WC Deck 2024 (Crushing Thorn),,2025-05-16,database.xlsx
no card list,en,WC Deck 2024 (Regidrago VSTAR),,2025-05-16,database.xlsx
no card list,en,WC Deck 2024 (The 'Don),,2025-05-16,database.xlsx
no card list,en,Play! Pokémon Prize Pack Series Seven,,2025-08-14,database.xlsx
no card list,en,Holiday Calendar 2025,,2025-08-22,database.xlsx
no card list,en,Play! Pokémon Prize Pack Series Eight,,2026-01-01,database.xlsx
no card list,en,WC Deck 2025 (Flutter Devo Gardevoir),,2026-04-03,database.xlsx
no card list,en,WC Deck 2025 (Joltdengo),,2026-04-03,database.xlsx
no card list,en,WC Deck 2025 (JP Raging Bolt),,2026-04-03,database.xlsx
no card list,en,WC Deck 2025 (Pult Bomb),,2026-04-03,database.xlsx
no card list,en,Gym Series Three,,2026-06-01,database.xlsx
no card list,en,Play! Pokémon Prize Pack Series Nine,,2026-07-01,database.xlsx
no card list,en,SM Trainer Kit (Alolan Ninetales),,,database.xlsx
no card list,en,SM Trainer Kit (Alolan Sandslash),,,database.xlsx
no card list,en,Trainer Deck A,,,database.xlsx
no card list,en,Trainer Deck B,,,database.xlsx
no card list,en,Pikachu World Collection,PW,,database.xlsx
no card list,en,Überraschungskalender,,,database.xlsx
no card list,en,Countdown Calendar,,,database.xlsx
no card list,en,Box Toppers (e-Card Series),BOX2,,database.xlsx
no card list,en,New York Pokémon Center Press Event,,,database.xlsx
no card list,en,Box Toppers (Legendary Collection),BOX1,,database.xlsx
no card list,en,Tropical Mega Battle,,,database.xlsx
no card list,es,Edición Básica,BS,1999-01-09,tcgdex
no card list,es,Jungla,JU,1999-06-16,tcgdex
no card list,es,Wizards Black Star Promos,basep,1999-07-01,tcgdex
no card list,es,Fósil,FO,1999-10-10,tcgdex
no card list,es,Neo Genesis,N1,2000-12-16,tcgdex
no card list,es,Rubí & Zafiro,RS,2003-07-01,tcgdex
no card list,es,Nintendo Black Star Promos,np,2003-10-01,tcgdex
no card list,es,Kit de Entrenador EX (Latias),TK1A,2004-07-01,tcgdex
no card list,es,Kit de Entrenador EX (Latios),TK1O,2004-07-01,tcgdex
no card list,es,EX Fuerzas Ocultas,UF,2005-08-22,tcgdex
no card list,es,EX Fuerzas Ocultas Unown,exu,2005-08-22,tcgdex
no card list,es,Kit de Entrenador EX (Ninun),TK2M,2006-03-01,tcgdex
no card list,es,Kit de Entrenador EX (Plusle),TK2P,2006-03-01,tcgdex
no card list,es,Diamante & Perla,DP,2007-05-01,tcgdex
no card list,es,DP Black Star Promos,dpp,2007-05-01,tcgdex
no card list,es,Tesoros Misteriosos,MT,2007-08-01,tcgdex
no card list,es,Kit de Entrenador Diamante & Perla (Lucario),TK3L,2007-09-01,tcgdex
no card list,es,Kit de Entrenador Diamante & Perla (Manaphy),TK3M,2007-09-01,tcgdex
no card list,es,Maravillas Secretas,SW,2007-11-01,tcgdex
no card list,es,Grandes Encuentros,GE,2008-02-01,tcgdex
no card list,es,Despertar de las Leyendas,LA,2008-08-01,tcgdex
no card list,es,Frente Tormentoso,SF,2008-11-01,tcgdex
no card list,es,Platino,PL,2009-02-11,tcgdex
no card list,es,Arceus,AR,2009-11-04,tcgdex
no card list,es,Pokémon Rumble,RM,2009-12-02,tcgdex
no card list,es,HeartGold SoulSilver,HS,2010-02-10,tcgdex
no card list,es,HGSS Black Star Promos,hgssp,2010-02-11,tcgdex
no card list,es,Kit de Entrenador HeatGold & SoulSilver (Gyarados),TK4G,2010-05-01,tcgdex
no card list,es,Kit de Entrenador HeatGold & SoulSilver (Raichu),TK4R,2010-05-01,tcgdex
no card list,es,Liberados,UL,2010-05-12,tcgdex
no card list,es,NB Promo,BWP,2011-04-26,tcgdex
no card list,es,Colección de McDonald's 2011,MCD11,2011-06-17,tcgdex
no card list,es,Colección de McDonald's 2012,MCD12,2012-06-15,tcgdex
no card list,es,Tesoro de Dragones,DRV,2012-10-05,tcgdex
no card list,es,XY Cartas de promoción,XYP,2013-10-12,tcgdex
no card list,es,Cartas alternativas,xya,2014-02-05,tcgdex
no card list,es,Generaciones,GEN,2016-02-22,tcgdex
no card list,es,Destinos Ocultos,HIF,2019-08-23,tcgdex
no card list,es,Destinos Ocultos Tesoro Brillante,sma,2019-08-23,tcgdex
no card list,es,Colección de McDonald's 2021,MCD21,2021-02-09,tcgdex
no card list,es,Celebraciones Colección Clásica,CEL:CC,2021-10-08,tcgdex
no card list,es,Manantial Oculto,A4a,2025-08-28,tcgdex
no card list,es,Fuego Carmesí,B1a,2025-12-17,tcgdex
no card list,es,Desfile de Ensueño,B2,2026-01-29,tcgdex
no card list,fr,W Promotional,wp,1999-09-01,tcgdex
no card list,fr,Cartes Jumbo,jumbo,2000-02-01,tcgdex
no card list,fr,Radiant Collection,rc,2013-11-06,tcgdex
no card list,fr,Embrasement Écarlate,B1a,2025-12-17,tcgdex
no card list,fr,Parade Onirique,B2,2026-01-29,tcgdex
no card list,id,Pedang & Perisai,SC1D,2020-11-21,tcgdex
no card list,id,劍&盾」SET A,SC1a,2020-11-21,tcgdex
no card list,id,劍&盾」SET B,SC1b,2020-11-21,tcgdex
no card list,id,Koleksi VMAX Berkilau Set A,SC3a,2021-03-21,tcgdex
no card list,id,Koleksi VMAX Berkilau Set B,SC3b,2021-03-21,tcgdex
no card list,id,V Starter Deck Teman,SCA,2021-03-21,tcgdex
no card list,id,Master Serangan Tunggal,S5I,2021-05-21,tcgdex
no card list,id,Master Serangan Beruntun,S5R,2021-05-21,tcgdex
no card list,id,Tantangan,SCB,2021-05-21,tcgdex
no card list,id,Dua Pilar Petarung,S5a,2021-07-02,tcgdex
no card list,id,Ganjur Salju Perak,S6H,2021-10-01,tcgdex
no card list,id,Astral Gelap Gulita,S6K,2021-10-01,tcgdex
no card list,id,Para Eevee Pahlawan,S6a,2021-10-01,tcgdex
no card list,id,Evolusi,SCC,2021-10-01,tcgdex
no card list,id,Pencakar Langit Sempurna,S7D,2021-11-05,tcgdex
no card list,id,Arus Langit Biru,S7R,2021-11-05,tcgdex
no card list,id,Koleksi Perayaan 25 Tahun,S8a,2021-12-15,tcgdex
no card list,id,Teknik Fusion,S8,2022-01-21,tcgdex
no card list,id,VMAX Klimaks,S8b,2022-01-21,tcgdex
no card list,id,V Starter Deck Kekuatan,SCD,2022-01-21,tcgdex
no card list,id,Star Birth,S9,2022-04-22,tcgdex
no card list,id,Pertarungan Daerah,S9a,2022-04-22,tcgdex
no card list,id,Kebangkitan,SCE,2022-04-22,tcgdex
no card list,id,Pokémon GO,S10b,2022-06-17,tcgdex
no card list,id,Kartu Promo,S-P,2022-07-14,tcgdex
no card list,id,Pengamat Waktu,S10D,2022-07-29,tcgdex
no card list,id,Penyulap Ruang,S10P,2022-07-29,tcgdex
no card list,id,Fantom Kegelapan,S10a,2022-08-26,tcgdex
no card list,id,Hantaman Triplet,S11,2022-09-23,tcgdex
no card list,id,Arkana Memuncak,S11a,2022-10-28,tcgdex
no card list,id,Pemicu Paradigma,S12,2022-11-25,tcgdex
no card list,id,Transformasi,SCF,2022-11-25,tcgdex
no card list,id,VSTAR Semesta,S12a,2022-12-23,tcgdex
no card list,id,Kartu Promo,SV-P,2023-03-03,tcgdex
no card list,id,Hantaman Triplet,CS1.5,2024-04-26,tcgdex
no card list,id,Hantaman Triplet,CS1a,2024-04-26,tcgdex
no card list,id,Hantaman Triplet,CS1b,2024-04-26,tcgdex
no card list,id,Hantaman Triplet,CS2.5,2024-04-26,tcgdex
no card list,id,Hantaman Triplet,CS2a,2024-04-26,tcgdex
no card list,id,Hantaman Triplet,CS2b,2024-04-26,tcgdex
no card list,id,Hantaman Triplet,CS3.5,2024-04-26,tcgdex
no card list,id,Hantaman Triplet,CS3D,2024-04-26,tcgdex
no card list,id,Hantaman Triplet,CS3a,2024-04-26,tcgdex
no card list,id,Hantaman Triplet,CS3b,2024-04-26,tcgdex
no card list,id,Hantaman Triplet,CS4,2024-04-26,tcgdex
no card list,id,Hantaman Triplet,CS4Da,2024-04-26,tcgdex
no card list,id,Hantaman Triplet,CS4a,2024-04-26,tcgdex
no card list,id,Hantaman Triplet,CS4b,2024-04-26,tcgdex
no card list,id,Hantaman Triplet,CSA,2024-04-26,tcgdex
no card list,it,Wizards Black Star Promos,basep,1999-07-01,tcgdex
no card list,it,Carte Promo Wizards,wp,1999-09-01,tcgdex
no card list,it,Fossil,FO,1999-10-10,tcgdex
no card list,it,Team Rocket,RO,2000-04-24,tcgdex
no card list,it,Neo Genesis,N1,2000-12-16,tcgdex
no card list,it,Neo Discovery,N2,2001-06-01,tcgdex
no card list,it,Neo Revelation,N3,2001-09-21,tcgdex
no card list,it,Neo Destiny,N4,2002-02-28,tcgdex
no card list,it,Expedition Set Base,EX,2002-09-15,tcgdex
no card list,it,Aquapolis,AQ,2003-01-15,tcgdex
no card list,it,Skyridge,SK,2003-05-12,tcgdex
no card list,it,EX Rubino & Zaffiro,RS,2003-07-01,tcgdex
no card list,it,EX Tempesta di Sabbia,SS,2003-09-18,tcgdex
no card list,it,Nintendo Black Star Promos,np,2003-10-01,tcgdex
no card list,it,EX Drago,DR,2003-11-24,tcgdex
no card list,it,EX Team Magma vs Team Idro,MA,2004-03-01,tcgdex
no card list,it,EX Leggende Nascoste,HL,2004-06-01,tcgdex
no card list,it,EX trainer Kit (Latias),TK1A,2004-07-01,tcgdex
no card list,it,EX trainer Kit (Latios),TK1O,2004-07-01,tcgdex
no card list,it,EX RossoFuoco e VerdeFoglia,RG,2004-09-01,tcgdex
no card list,it,POP Serie 1,P1,2004-09-01,tcgdex
no card list,it,EX Deoxys,DX,2005-02-01,tcgdex
no card list,it,EX Smeraldo,EM,2005-05-09,tcgdex
no card list,it,POP Serie 2,P2,2005-08-01,tcgdex
no card list,it,EX Forze Segrete,UF,2005-08-22,tcgdex
no card list,it,EX Forze Segrete Unown,exu,2005-08-22,tcgdex
no card list,it,EX Specie Delta,DS,2005-10-31,tcgdex
no card list,it,EX La Leggenda di Mew,LM,2006-02-13,tcgdex
no card list,it,EX trainer Kit (Ninun),TK2M,2006-03-01,tcgdex
no card list,it,EX trainer Kit (Plusle),TK2P,2006-03-01,tcgdex
no card list,it,POP Serie 3,P3,2006-04-01,tcgdex
no card list,it,EX Fantasmi di Holon,HP,2006-05-03,tcgdex
no card list,it,POP Serie 4,P4,2006-08-01,tcgdex
no card list,it,EX Guardiani dei Cristalli,CG,2006-08-30,tcgdex
no card list,it,EX L'Isola dei Draghi,DF,2006-11-08,tcgdex
no card list,it,POP Serie 5,P5,2007-03-01,tcgdex
no card list,it,Diamante & Perla,DP,2007-05-01,tcgdex
no card list,it,DP Black Star Promos,dpp,2007-05-01,tcgdex
no card list,it,Tesori Misteriosi,MT,2007-08-01,tcgdex
no card list,it,Diamond & Pearl trainer Kit (Lucario),TK3L,2007-09-01,tcgdex
no card list,it,Diamond & Pearl trainer Kit (Manaphy),TK3M,2007-09-01,tcgdex
no card list,it,Prodigi Segreti,SW,2007-11-01,tcgdex
no card list,it,Incontri Leggendari,GE,2008-02-01,tcgdex
no card list,it,POP Serie 7,P7,2008-03-01,tcgdex
no card list,it,Alba Suprema,MD,2008-05-01,tcgdex
no card list,it,Il Risveglio dei Miti,LA,2008-08-01,tcgdex
no card list,it,Fronte di Tempesta,SF,2008-11-01,tcgdex
no card list,it,Platino,PL,2009-02-11,tcgdex
no card list,it,POP Serie 9,P9,2009-03-01,tcgdex
no card list,it,L'Ascesa dei Rivali,RR,2009-05-16,tcgdex
no card list,it,Arceus,AR,2009-11-04,tcgdex
no card list,it,HeartGold SoulSilver,HS,2010-02-10,tcgdex
no card list,it,HGSS Promo,hgssp,2010-02-11,tcgdex
no card list,it,HS trainer Kit (Gyarados),TK4G,2010-05-01,tcgdex
no card list,it,HS trainer Kit (Raichu),TK4R,2010-05-01,tcgdex
no card list,it,Forze Scatenate,UL,2010-05-12,tcgdex
no card list,it,Senza Paura,UND,2010-08-18,tcgdex
no card list,it,Battaglie Trionfali,TRI,2010-11-03,tcgdex
no card list,it,Richiamo delle Leggende,COL,2011-02-09,tcgdex
no card list,it,NB Promo,BWP,2011-04-26,tcgdex
no card list,it,McDonald's Collection,MCD11,2011-06-17,tcgdex
no card list,it,McDonald's Collection 2012,MCD12,2012-06-15,tcgdex
no card list,it,Tesoro dei Draghi,DRV,2012-10-05,tcgdex
no card list,it,XY Promo,XYP,2013-10-12,tcgdex
no card list,it,Carta Alternatica A Gialla,xya,2014-02-05,tcgdex
no card list,it,McDonald's Collection 2014,MCD14,2014-05-23,tcgdex
no card list,it,McDonald's Collection 2015,MCD15,2015-11-27,tcgdex
no card list,it,Generazioni,GEN,2016-02-22,tcgdex
no card list,it,McDonald's Collection 2016,MCD16,2016-08-20,tcgdex
no card list,it,McDonald's Collection 2017,MCD17,2017-08-03,tcgdex
no card list,it,McDonald's Collection 2018,MCD18,2018-10-19,tcgdex
no card list,it,Destino Sfuggente,HIF,2019-08-23,tcgdex
no card list,it,Destino Sfuggente Tesoro Lucente,sma,2019-08-23,tcgdex
no card list,it,McDonald's Collection 2019,MCD19,2019-10-15,tcgdex
no card list,it,McDonald's Collection 2021,MCD21,2021-02-09,tcgdex
no card list,it,Gran Festa Collezione Classica,CEL:CC,2021-10-08,tcgdex
no card list,it,Sorgenti Recondite,A4a,2025-08-28,tcgdex
no card list,it,Fiamme Cremisi,B1a,2025-12-17,tcgdex
no card list,it,Parata Fantasmagorica,B2,2026-01-29,tcgdex
no card list,ja,Vending Machine Series 1 (Blue),,1998-03-23,database.xlsx
no card list,ja,Hanada City Gym Deck,,1998-04-26,database.xlsx
no card list,ja,Nivi City Gym Deck,,1998-04-26,database.xlsx
no card list,ja,Vending Machine Series 2 (Red),,1998-06-17,database.xlsx
no card list,ja,Kuchiba City Gym Deck,,1998-07-25,database.xlsx
no card list,ja,Tamamushi City Gym Deck,,1998-07-25,database.xlsx
no card list,ja,Vending Machine Series 3 (Green),,1998-11-24,database.xlsx
no card list,ja,Quick Starter Gift Set (Green),,1998-12-04,database.xlsx
no card list,ja,Quick Starter Gift Set (Red),,1998-12-04,database.xlsx
no card list,ja,Guren Town Gym Deck,,1999-02-26,database.xlsx
no card list,ja,Yamabuki City Gym Deck,,1999-02-26,database.xlsx
no card list,ja,Southern Islands,,1999-07-17,database.xlsx
no card list,ja,Intro Pack (Bulbasaur),,1999-07-30,database.xlsx
no card list,ja,Intro Pack (Squirtle),,1999-07-30,database.xlsx
no card list,ja,"Gold, Silver, to a New World...",,1999-12-10,database.xlsx
no card list,ja,Neo Premium File 1,,1999-12-10,database.xlsx
no card list,ja,Crossing the Ruins...,,2000-07-07,database.xlsx
no card list,ja,Neo Premium File 2,,2000-07-07,database.xlsx
no card list,ja,Awakening Legends,,2000-11-23,database.xlsx
no card list,ja,Neo Premium File 3,,2000-11-23,database.xlsx
no card list,ja,"Darkness, and to Light...",,2001-03-09,database.xlsx
no card list,ja,Intro Pack Neo (Chikorita),,2001-04-06,database.xlsx
no card list,ja,Intro Pack Neo (Totodile),,2001-04-06,database.xlsx
no card list,ja,P Promos,,2001-07-01,database.xlsx
no card list,ja,J Promos,,2001-08-01,database.xlsx
no card list,ja,Pokémon VS,,2001-08-19,database.xlsx
no card list,ja,Base Expansion Pack,,2001-12-01,database.xlsx
no card list,ja,Pokémon-e Starter Deck,,2001-12-01,database.xlsx
no card list,ja,T Promos,,2002-01-01,database.xlsx
no card list,ja,McDonald's Pokémon-e Minimum Pack,,2002-01-26,database.xlsx
no card list,ja,Theater Limited VS Pack,,2002-07-13,database.xlsx
no card list,ja,Split Earth,,2002-08-01,database.xlsx
no card list,ja,ADV Promos,,2003-01-01,database.xlsx
no card list,ja,PLAY Promos,,2003-01-01,database.xlsx
no card list,ja,ADV Expansion Pack,,2003-01-31,database.xlsx
no card list,ja,Mudkip Constructed Starter Deck,,2003-01-31,database.xlsx
no card list,ja,Torchic Constructed Starter Deck,,2003-01-31,database.xlsx
no card list,ja,Treecko Constructed Starter Deck,,2003-01-31,database.xlsx
no card list,ja,拡張パック,ADV1,2003-01-31,tcgdex
no card list,ja,Miracle of the Desert,ADV2,2003-04-18,"database.xlsx,tcgdex"
no card list,ja,Flygon Constructed Starter Deck,,2003-06-25,database.xlsx
no card list,ja,Rulers of the Heavens,,2003-06-25,database.xlsx
no card list,ja,Salamence Constructed Starter Deck,,2003-06-25,database.xlsx
no card list,ja,天空の覇者,ADV3,2003-06-25,tcgdex
no card list,ja,Movie Commemoration VS Pack,,2003-07-19,database.xlsx
no card list,ja,Aqua Deck Kit,,2003-10-24,database.xlsx
no card list,ja,Magma Deck Kit,,2003-10-24,database.xlsx
no card list,ja,Magma vs Aqua: Two Ambitions,,2003-10-24,database.xlsx
no card list,ja,強化拡張パックex1マグマVSアクア ふたつの野望,ADV4,2003-10-24,tcgdex
no card list,ja,Gift Box (Latias),,2003-11-17,database.xlsx
no card list,ja,Gift Box (Latios),,2003-11-17,database.xlsx
no card list,ja,Metagross Constructed Starter Deck,,2004-01-16,database.xlsx
no card list,ja,Undone Seal,,2004-01-16,database.xlsx
no card list,ja,とかれた封印,ADV5,2004-01-16,tcgdex
no card list,ja,PCG Promos,,2004-02-01,database.xlsx
no card list,ja,"Venusaur, Charizard & Blastoise Random Constructed Starter Decks",,2004-03-19,database.xlsx
no card list,ja,Clash of the Blue Sky,,2004-07-01,database.xlsx
no card list,ja,Deoxys Constructed Starter Deck,,2004-07-01,database.xlsx
no card list,ja,Rayquaza Constructed Starter Deck,,2004-07-01,database.xlsx
no card list,ja,Movie Commemoration VS Pack: Sky-Splitting Deoxys,,2004-07-17,database.xlsx
no card list,ja,Black Deck Kit,,2004-10-15,database.xlsx
no card list,ja,Silver Deck Kit,,2004-10-15,database.xlsx
no card list,ja,Team Rocket Strikes Back,,2004-10-15,database.xlsx
no card list,ja,Emerald Gift Box (Deoxys),,2004-11-19,database.xlsx
no card list,ja,Emerald Gift Box (Rayquaza),,2004-11-19,database.xlsx
no card list,ja,Fighting Quick Construction Pack,,2005-01-16,database.xlsx
no card list,ja,Fire Quick Construction Pack,,2005-01-16,database.xlsx
no card list,ja,Grass Quick Construction Pack,,2005-01-16,database.xlsx
no card list,ja,Lightning Quick Construction Pack,,2005-01-16,database.xlsx
no card list,ja,Psychic Quick Construction Pack,,2005-01-16,database.xlsx
no card list,ja,Water Quick Construction Pack,,2005-01-16,database.xlsx
no card list,ja,Feraligatr Constructed Starter Deck,,2005-03-05,database.xlsx
no card list,ja,Meganium Constructed Starter Deck,,2005-03-05,database.xlsx
no card list,ja,Typhlosion Constructed Starter Deck,,2005-03-05,database.xlsx
no card list,ja,PokéPark Blue,,2005-03-18,database.xlsx
no card list,ja,PokéPark Forest,,2005-03-18,database.xlsx
no card list,ja,Mirage Forest,,2005-06-30,database.xlsx
no card list,ja,Mirage's Mew Constructed Starter Deck,,2005-06-30,database.xlsx
no card list,ja,Master Kit (Bulbasaur),,2005-07-15,database.xlsx
no card list,ja,Master Kit (Side Deck),,2005-07-15,database.xlsx
no card list,ja,Master Kit (Torchic),,2005-07-15,database.xlsx
no card list,ja,Movie Commemoration VS Pack: Aura's Lucario,,2005-07-16,database.xlsx
no card list,ja,Holon Research Tower Fire Quarter Deck,,2005-09-30,database.xlsx
no card list,ja,Holon Research Tower Lightning Quarter Deck,,2005-09-30,database.xlsx
no card list,ja,Holon Research Tower Water Quarter Deck,,2005-09-30,database.xlsx
no card list,ja,Mew • Lucario Gift Box (Crawdaunt),,2005-11-16,database.xlsx
no card list,ja,Mew • Lucario Gift Box (Lucario),,2005-11-16,database.xlsx
no card list,ja,Mew • Lucario Gift Box (Mew),,2005-11-16,database.xlsx
no card list,ja,Mew • Lucario Gift Box (Mightyena),,2005-11-16,database.xlsx
no card list,ja,Mew • Lucario Gift Box (Pokémon ☆),,2005-11-16,database.xlsx
no card list,ja,Earth's Groudon ex Constructed Starter Deck,,2006-03-03,database.xlsx
no card list,ja,Ocean's Kyogre ex Constructed Starter Deck,,2006-03-03,database.xlsx
no card list,ja,Imprison! Gardevoir ex Constructed Standard Deck,,2006-06-29,database.xlsx
no card list,ja,Offense and Defense of the Furthest Ends,,2006-06-29,database.xlsx
no card list,ja,Shockwave! Tyranitar ex Constructed Standard Deck,,2006-06-29,database.xlsx
no card list,ja,Movie Commemoration VS Pack: Sea's Manaphy,,2006-07-15,database.xlsx
no card list,ja,Entry Pack,,2006-10-27,database.xlsx
no card list,ja,Space-Time Creation,DP1,2006-11-30,database.xlsx
no card list,ja,Diamond & Pearl Promos,DPP,2006-12-01,database.xlsx
no card list,ja,10th Movie Commemoration Set,,2007-01-14,database.xlsx
no card list,ja,Bastiodon the Defender Constructed Half Deck,,2007-03-02,database.xlsx
no card list,ja,Rampardos the Attacker Constructed Half Deck,,2007-03-02,database.xlsx
no card list,ja,Secret of the Lakes,DP2,2007-03-02,database.xlsx
no card list,ja,PPP Promos,PPP,2007-05-01,database.xlsx
no card list,ja,Dialga LV.X Constructed Standard Deck,,2007-07-05,database.xlsx
no card list,ja,Palkia LV.X Constructed Standard Deck,,2007-07-05,database.xlsx
no card list,ja,Shining Darkness,DP3,2007-07-05,database.xlsx
no card list,ja,World Champions Pack,,2007-07-05,database.xlsx
no card list,ja,ワールドチャンピオンズパック,PCG10,2007-07-05,tcgdex
no card list,ja,Dawn Dash,DP4,2007-10-26,database.xlsx
no card list,ja,Magmortar vs Electivire Deck Kit,,2007-10-26,database.xlsx
no card list,ja,Magmortar vs Electivire Deck Kit (Electivire),,2007-10-26,database.xlsx
no card list,ja,Magmortar vs Electivire Deck Kit (Magmortar),,2007-10-26,database.xlsx
no card list,ja,Moonlit Pursuit,DP4,2007-10-26,database.xlsx
no card list,ja,Entry Pack '08,,2007-11-30,database.xlsx
no card list,ja,Cry from the Mysterious,DP5,2008-03-14,database.xlsx
no card list,ja,Heatran vs Regigigas Deck Kit,,2008-03-14,database.xlsx
no card list,ja,Heatran vs Regigigas Deck Kit (Heatran),,2008-03-14,database.xlsx
no card list,ja,Heatran vs Regigigas Deck Kit (Regigigas),,2008-03-14,database.xlsx
no card list,ja,Temple of Anger,DP5,2008-03-14,database.xlsx
no card list,ja,Giratina vs Dialga Deck Kit (Dialga),,2008-07-10,database.xlsx
no card list,ja,Giratina vs Dialga Deck Kit (Giratina),,2008-07-10,database.xlsx
no card list,ja,Intense Fight in the Destroyed Sky,DPS,2008-07-10,database.xlsx
no card list,ja,11th Movie Commemoration Set,,2008-07-19,database.xlsx
no card list,ja,Platinum Promos,DPtP,2008-10-01,database.xlsx
no card list,ja,DPt Entry Pack (Dialga),,2008-10-10,database.xlsx
no card list,ja,DPt Entry Pack (Giratina),,2008-10-10,database.xlsx
no card list,ja,DPt Entry Pack (Palkia),,2008-10-10,database.xlsx
no card list,ja,Galactic's Conquest,DPt1,2008-10-10,database.xlsx
no card list,ja,DPt Gift Box (Chimchar),Pt,2008-11-20,database.xlsx
no card list,ja,DPt Gift Box (Pikachu),Pt,2008-11-20,database.xlsx
no card list,ja,DPt Gift Box (Piplup),Pt,2008-11-20,database.xlsx
no card list,ja,DPt Gift Box (Turtwig),Pt,2008-11-20,database.xlsx
no card list,ja,Bonds to the End of Time,DPt2,2008-12-26,database.xlsx
no card list,ja,Infernape vs Gallade SP Deck Kit (Gallade),Pt,2008-12-26,database.xlsx
no card list,ja,Infernape vs Gallade SP Deck Kit (Infernape),Pt,2008-12-26,database.xlsx
no card list,ja,Beat of the Frontier,DPt3,2009-03-06,database.xlsx
no card list,ja,Garchomp vs Charizard SP Deck Kit (Charizard),,2009-03-06,database.xlsx
no card list,ja,Garchomp vs Charizard SP Deck Kit (Garchomp),,2009-03-06,database.xlsx
no card list,ja,Mewtwo LV.X Collection Pack,DPtM,2009-04-18,database.xlsx
no card list,ja,Regigigas LV.X Collection Pack,DPtR,2009-04-18,database.xlsx
no card list,ja,Shaymin LV.X Collection Pack,DPtS,2009-04-18,database.xlsx
no card list,ja,Advent of Arceus,DPt4,2009-07-08,database.xlsx
no card list,ja,Arceus LV.X Deck: Grass & Fire,DPt4-Sgf,2009-07-08,database.xlsx
no card list,ja,Arceus LV.X Deck: Lightning & Psychic,DPt4-Slp,2009-07-08,database.xlsx
no card list,ja,Melee! Pokémon Scramble,,2009-07-10,database.xlsx
no card list,ja,Movie Commemoration Random Pack,,2009-07-18,database.xlsx
no card list,ja,LEGEND Promos,LP,2009-09-01,database.xlsx
no card list,ja,HeartGold Collection,L1-Bhg,2009-10-09,database.xlsx
no card list,ja,SoulSilver Collection,L1-Bss,2009-10-09,database.xlsx
no card list,ja,2009 Energies,EN09,2009-10-09,database.xlsx
no card list,ja,ハートゴールドコレクション,L1a,2009-10-09,tcgdex
no card list,ja,ソウルシルバーコレクション,L1b,2009-10-09,tcgdex
no card list,ja,Battle Starter Deck (Blastoise),B,2009-11-20,database.xlsx
no card list,ja,Battle Starter Deck (Magmortar),B,2009-11-20,database.xlsx
no card list,ja,Battle Starter Deck (Raichu),B,2009-11-20,database.xlsx
no card list,ja,Battle Starter Deck (Torterra),B,2009-11-20,database.xlsx
no card list,ja,Leafeon vs Metagross Expert Deck (Leafeon),E,2009-11-20,database.xlsx
no card list,ja,Leafeon vs Metagross Expert Deck (Metagross),E,2009-11-20,database.xlsx
no card list,ja,Reviving Legends,L2,2010-02-11,"database.xlsx,tcgdex"
no card list,ja,Steelix Constructed Standard Deck,L2,2010-02-11,database.xlsx
no card list,ja,Tyranitar Constructed Standard Deck,L2,2010-02-11,database.xlsx
no card list,ja,Lost Link,LL,2010-04-16,"database.xlsx,tcgdex"
no card list,ja,Clash at the Summit,L3,2010-07-08,"database.xlsx,tcgdex"
no card list,ja,Pikachu World Collection,PW,2010-07-08,database.xlsx
no card list,ja,Journey Partners,CS1,2010-09-18,database.xlsx
no card list,ja,Beginning Set,HS,2010-10-29,database.xlsx
no card list,ja,Black & White Promos,BWP,2010-12-01,database.xlsx
no card list,ja,Black Collection,BW1-Bb,2010-12-17,database.xlsx
no card list,ja,White Collection,BW1-Bw,2010-12-17,database.xlsx
no card list,ja,Cobalion Battle Strength Deck,BKc,2011-03-18,database.xlsx
no card list,ja,Terrakion Battle Strength Deck,BKt,2011-03-18,database.xlsx
no card list,ja,Virizion Battle Strength Deck,BKv,2011-03-18,database.xlsx
no card list,ja,Victini Battle Theme Deck,BTV,2011-06-17,database.xlsx
no card list,ja,Red Collection,BW2,2011-07-15,database.xlsx
no card list,ja,Beginning Set +,HS,2011-08-05,database.xlsx
no card list,ja,Hail Blizzard,BW3-Bh,2011-09-16,database.xlsx
no card list,ja,Psycho Drive,BW3-Bp,2011-09-16,database.xlsx
no card list,ja,Reshiram-EX Battle Strength Deck,BKR,2011-10-21,database.xlsx
no card list,ja,Zekrom-EX Battle Strength Deck,BKZ,2011-10-21,database.xlsx
no card list,ja,Beginning Set Pikachu,HSP,2011-11-18,database.xlsx
no card list,ja,Thundurus vs Tornadus Battle Gift Set,BGS,2011-11-18,database.xlsx
no card list,ja,Dark Rush,BW4,2011-12-16,database.xlsx
no card list,ja,Dragon Selection,DS,2012-01-27,database.xlsx
no card list,ja,Dragon Blade,BW5-Brn,2012-03-16,database.xlsx
no card list,ja,Dragon Blast,BW5-Brz,2012-03-16,database.xlsx
no card list,ja,Garchomp Half Deck,GBR,2012-03-16,database.xlsx
no card list,ja,Hydreigon Half Deck,SZD,2012-03-16,database.xlsx
no card list,ja,Keldeo Battle Strength Deck,KLD,2012-04-20,database.xlsx
no card list,ja,National Beginning Set,HSZ,2012-04-20,database.xlsx
no card list,ja,Cold Flare,BW6-Bc,2012-07-13,database.xlsx
no card list,ja,Freeze Bolt,BW6-Bf,2012-07-13,database.xlsx
no card list,ja,Master Deck Build Box EX,MDB,2012-09-14,database.xlsx
no card list,ja,Plasma Gale,BW7,2012-09-14,database.xlsx
no card list,ja,Team Plasma Powered Half Deck,PPD,2012-09-14,database.xlsx
no card list,ja,Black Kyurem-EX Battle Strength Deck,BKB,2012-10-19,database.xlsx
no card list,ja,White Kyurem-EX Battle Strength Deck,BKW,2012-10-19,database.xlsx
no card list,ja,Everyone's Exciting Battle,WAK,2012-11-16,database.xlsx
no card list,ja,Team Plasma Battle Gift Set,PBG,2012-11-16,database.xlsx
no card list,ja,Spiral Force,BW8-Brf,2012-12-14,database.xlsx
no card list,ja,Thunder Knuckle,BW8-Brn,2012-12-14,database.xlsx
no card list,ja,Shiny Collection,SC,2013-02-01,database.xlsx
no card list,ja,Blastoise + Kyurem-EX Combo Deck,K,2013-03-15,database.xlsx
no card list,ja,Megalo Cannon,BW9,2013-03-15,database.xlsx
no card list,ja,EX Battle Boost,EBB,2013-07-13,database.xlsx
no card list,ja,Mewtwo vs Genesect Deck Kit (Genesect),MG,2013-07-13,database.xlsx
no card list,ja,Mewtwo vs Genesect Deck Kit (Mewtwo),MG,2013-07-13,database.xlsx
no card list,ja,XY Beginning Set,HXY,2013-11-08,database.xlsx
no card list,ja,Collection X,XY1-Bx,2013-12-13,database.xlsx
no card list,ja,Collection Y,XY1-By,2013-12-13,database.xlsx
no card list,ja,コレクションX,XY1a,2013-12-13,tcgdex
no card list,ja,コレクションY,XY1b,2013-12-13,tcgdex
no card list,ja,Xerneas Half Deck,X30,2014-01-31,database.xlsx
no card list,ja,Yveltal Half Deck,Y30,2014-01-31,database.xlsx
no card list,ja,M Charizard-EX Mega Battle Deck,XYA,2014-03-15,database.xlsx
no card list,ja,Wild Blaze,XY2,2014-03-15,"database.xlsx,tcgdex"
no card list,ja,Rising Fist,XY3,2014-06-14,"database.xlsx,tcgdex"
no card list,ja,Dialga-EX + Aegislash-EX Hyper Metal Chain Deck,XYB,2014-09-13,database.xlsx
no card list,ja,Phantom Gate,XY4,2014-09-13,"database.xlsx,tcgdex"
no card list,ja,Xerneas-EX & Yveltal-EX Super Legend Set,XYC,2014-11-14,database.xlsx
no card list,ja,Gaia Volcano,XY5-Bg,2014-12-13,database.xlsx
no card list,ja,Tidal Storm,XY5-Bt,2014-12-13,database.xlsx
no card list,ja,ガイアボルケーノ,XY5a,2014-12-13,tcgdex
no card list,ja,タイダルストーム,XY5b,2014-12-13,tcgdex
no card list,ja,Emerald Break,XY6,2015-03-14,"database.xlsx,tcgdex"
no card list,ja,M Rayquaza-EX Mega Battle Deck,XYD,2015-03-14,database.xlsx
no card list,ja,Bandit Ring,XY7,2015-06-20,"database.xlsx,tcgdex"
no card list,ja,Emboar-EX vs Togekiss-EX Battle Starter Set,XYE,2015-07-18,database.xlsx
no card list,ja,M Master Deck Build Box Power Style,MMB-P,2015-08-07,database.xlsx
no card list,ja,M Master Deck Build Box Speed Style,MMB-S,2015-08-07,database.xlsx
no card list,ja,Blue Shock,XY8-Bb,2015-09-26,database.xlsx
no card list,ja,Noivern BREAK Evolution Pack,SNPo,2015-09-26,database.xlsx
no card list,ja,Raichu BREAK Evolution Pack,SNPr,2015-09-26,database.xlsx
no card list,ja,Red Flash,XY8-Br,2015-09-26,database.xlsx
no card list,ja,青い衝撃,XY8a,2015-09-26,tcgdex
no card list,ja,赤い閃光,XY8b,2015-09-26,tcgdex
no card list,ja,Golduck BREAK + Palkia-EX Combo Deck,XYF,2015-10-09,database.xlsx
no card list,ja,Rage of the Broken Heavens,XY9,2015-12-11,"database.xlsx,tcgdex"
no card list,ja,PokéKyun Collection,CP3,2016-01-29,"database.xlsx,tcgdex"
no card list,ja,20th Anniversary Starter Pack,20th,2016-02-27,database.xlsx
no card list,ja,Awakening Psychic King,XY10,2016-03-18,"database.xlsx,tcgdex"
no card list,ja,M Audino-EX Mega Battle Deck,XYH,2016-03-18,database.xlsx
no card list,ja,Zygarde-EX Perfect Battle Deck,XYG,2016-03-18,database.xlsx
no card list,ja,EX × M × BREAK Premium Champion Pack,CP4,2016-04-16,"database.xlsx,tcgdex"
no card list,ja,Cruel Traitor,XY11-Br,2016-06-17,database.xlsx
no card list,ja,Fever-Burst Fighter,XY11-Bb,2016-06-17,database.xlsx
no card list,ja,爆熱の闘士,XY11a,2016-06-17,tcgdex
no card list,ja,冷酷の反逆者,XY11b,2016-06-17,tcgdex
no card list,ja,Mythical & Legendary Dream Shine Collection,CP5,2016-07-16,"database.xlsx,tcgdex"
no card list,ja,Expansion Pack 20th Anniversary,CP6,2016-09-16,"database.xlsx,tcgdex"
no card list,ja,Pikachu's New Friends,SM0,2016-11-18,"database.xlsx,tcgdex"
no card list,ja,"Decidueye-GX, Incineroar-GX & Primarina-GX Starter Sets",SMA,2016-12-09,database.xlsx
no card list,ja,Premium Trainer Box,SMB,2016-12-09,database.xlsx
no card list,ja,Rockruff Full Power Deck,SMP1,2016-12-15,database.xlsx
no card list,ja,Tapu Bulu-GX Enhanced Starter Set,SMC,2017-03-17,database.xlsx
no card list,ja,Ash vs Team Rocket Battle Set,SMD,2017-04-21,database.xlsx
no card list,ja,Facing a New Trial,SM2,2017-04-21,database.xlsx
no card list,ja,The Best of XY,XY,2017-04-21,database.xlsx
no card list,ja,Solgaleo-GX & Lunala-GX Legendary Starter Set,SME,2017-11-10,database.xlsx
no card list,ja,Ultra Sun & Ultra Moon Premium Trainer Box,SMF,2017-12-08,database.xlsx
no card list,ja,Ultra Sun & Ultra Moon Deck Build Boxes,SMG,2018-02-16,database.xlsx
no card list,ja,GX Starter Decks,SMH,2018-07-13,database.xlsx
no card list,ja,"Flareon-GX, Vaporeon-GX & Jolteon-GX Starter Sets",SMI,2018-11-23,database.xlsx
no card list,ja,Tag Team GX Premium Trainer Box,SMJ,2018-12-07,database.xlsx
no card list,ja,Trainer Battle Decks,SMK,2019-01-25,database.xlsx
no card list,ja,Tag Team GX Deck Build Box,SMN,2019-03-01,database.xlsx
no card list,ja,Sun & Moon Family Pokémon Card Game,SML,2019-03-15,database.xlsx
no card list,ja,Great Detective Pikachu,SMP2,2019-04-26,"database.xlsx,tcgdex"
no card list,ja,Tag Team GX Starter Sets,SMM,2019-05-31,database.xlsx
no card list,ja,Extra Regulation Box,,2019-10-04,database.xlsx
no card list,ja,Fighting Starter Set V,SA,2019-11-29,database.xlsx
no card list,ja,Fire Starter Set V,SA,2019-11-29,database.xlsx
no card list,ja,Grass Starter Set V,SA,2019-11-29,database.xlsx
no card list,ja,Lightning Starter Set V,SA,2019-11-29,database.xlsx
no card list,ja,Water Starter Set V,SA,2019-11-29,database.xlsx
no card list,ja,Shield,S1H,2019-12-06,"database.xlsx,tcgdex"
no card list,ja,Sword,S1W,2019-12-06,"database.xlsx,tcgdex"
no card list,ja,Sword & Shield Premium Trainer Box,SB,2019-12-06,database.xlsx
no card list,ja,Zacian + Zamazenta Box,SP1,2019-12-27,database.xlsx
no card list,ja,VMAX Rising,S1a,2020-02-07,"database.xlsx,tcgdex"
no card list,ja,Rebellion Crash,S2,2020-03-06,"database.xlsx,tcgdex"
no card list,ja,Charizard Starter Set VMAX,SC,2020-03-27,database.xlsx
no card list,ja,Grimmsnarl Starter Set VMAX,SC,2020-03-27,database.xlsx
no card list,ja,Explosive Walker,S2a,2020-04-24,"database.xlsx,tcgdex"
no card list,ja,Infinity Zone,S3,2020-06-05,"database.xlsx,tcgdex"
no card list,ja,Legendary Heartbeat,S3a,2020-07-10,"database.xlsx,tcgdex"
no card list,ja,V Starter Decks,SD,2020-07-10,database.xlsx
no card list,ja,Amazing Volt Tackle,S4,2020-09-18,"database.xlsx,tcgdex"
no card list,ja,VMAX Special Set,SP2,2020-10-23,database.xlsx
no card list,ja,Shiny Star V,S4a,2020-11-20,"database.xlsx,tcgdex"
no card list,ja,Blastoise Starter Set VMAX,SEK,2020-12-04,database.xlsx
no card list,ja,Charizard Starter Set VMAX 2,SC2,2020-12-04,database.xlsx
no card list,ja,Venusaur Starter Set VMAX,SEF,2020-12-04,database.xlsx
no card list,ja,Rapid Strike Master,S5R,2021-01-22,"database.xlsx,tcgdex"
no card list,ja,Single Strike & Rapid Strike Premium Trainer Boxes,SF,2021-01-22,database.xlsx
no card list,ja,Matchless Fighters,S5a,2021-03-19,"database.xlsx,tcgdex"
no card list,ja,Silver Lance & Jet-Black Spirit Jumbo Pack Set,SP3,2021-04-23,database.xlsx
no card list,ja,Eevee Heroes,S6a,2021-05-28,"database.xlsx,tcgdex"
no card list,ja,Eevee Heroes VMAX Special Set,SP4,2021-05-28,database.xlsx
no card list,ja,Gengar VMAX High-Class Deck,SGG,2021-05-28,database.xlsx
no card list,ja,Inteleon VMAX High-Class Deck,SGI,2021-05-28,database.xlsx
no card list,ja,Blue Sky Stream,S7R,2021-07-09,"database.xlsx,tcgdex"
no card list,ja,Sword & Shield Family Pokémon Card Game,SH,2021-07-09,database.xlsx
no card list,ja,V-UNION Special Card Sets,SP5,2021-08-20,database.xlsx
no card list,ja,25th Anniversary Collection,S8a,2021-10-22,"database.xlsx,tcgdex"
no card list,ja,Promo Card Pack 25th Anniversary Edition,S8a-P,2021-10-22,database.xlsx
no card list,ja,Zacian & Zamazenta vs Eternatus Special Deck Set,SJ,2021-11-05,database.xlsx
no card list,ja,25th Anniversary Golden Box,S8a-G,2021-12-01,database.xlsx
no card list,ja,Start Deck 100,SI,2021-12-17,database.xlsx
no card list,ja,25th Anniversary Creatures Deck,,2021-12-26,database.xlsx
no card list,ja,VSTAR Premium Trainer Box,SK,2022-01-14,database.xlsx
no card list,ja,Darkrai Starter Set VSTAR,SLD,2022-02-25,database.xlsx
no card list,ja,Lucario Starter Set VSTAR,SLL,2022-02-25,database.xlsx
no card list,ja,Start Deck 100 CoroCoro Comic Version,SN,2022-03-01,database.xlsx
no card list,ja,Time Gazer,S10D,2022-04-08,"database.xlsx,tcgdex"
no card list,ja,Pokémon GO,S10b,2022-06-17,"database.xlsx,tcgdex"
no card list,ja,Deoxys VSTAR & VMAX High-Class Deck,SPD,2022-07-15,database.xlsx
no card list,ja,Zeraora VSTAR & VMAX High-Class Deck,SPZ,2022-07-15,database.xlsx
no card list,ja,VSTAR Special Set,SP6,2022-08-05,database.xlsx
no card list,ja,Charizard VSTAR vs Rayquaza VMAX Special Deck Set,SO,2022-11-04,database.xlsx
no card list,ja,ex Premium Trainer Box,SVB,2023-01-20,database.xlsx
no card list,ja,Fuecoco & Ampharos ex Starter Set ex,SVAL,2023-01-20,database.xlsx
no card list,ja,Quaxly & Mimikyu ex Starter Set ex,SVAW,2023-01-20,database.xlsx
no card list,ja,Sprigatito & Lucario ex Starter Set ex,SVAM,2023-01-20,database.xlsx
no card list,ja,Pikachu ex & Pawmot Starter Set ex,SVC,2023-03-24,database.xlsx
no card list,ja,ex Special Set,SVP1,2023-05-19,database.xlsx
no card list,ja,ex Starter Decks,SVD,2023-07-07,database.xlsx
no card list,ja,Ruler of the Black Flame Deck Build Box,SVF,2023-07-28,database.xlsx
no card list,ja,World Championships 2023 Yokohama Deck: Pikachu,WCS23,2023-07-28,database.xlsx
no card list,ja,Mewtwo ex Starter Set Terastal,SVEM,2023-09-22,database.xlsx
no card list,ja,Skeledirge ex Starter Set Terastal,SVEL,2023-09-22,database.xlsx
no card list,ja,Pokémon TCG Classic (Blastoise),CLK,2023-10-31,database.xlsx
no card list,ja,Pokémon TCG Classic (Charizard),CLL,2023-10-31,database.xlsx
no card list,ja,Pokémon TCG Classic (Venusaur),CLF,2023-10-31,database.xlsx
no card list,ja,"Venusaur, Charizard & Blastoise Special Deck Set ex",SVG,2023-11-10,database.xlsx
no card list,ja,Ancient Koraidon ex Starter Deck & Build Set,SVHK,2024-01-26,database.xlsx
no card list,ja,Future Miraidon ex Starter Deck & Build Set,SVHM,2024-01-26,database.xlsx
no card list,ja,Battle Academy,SVI,2024-03-08,database.xlsx
no card list,ja,トリプレットビート,CS1.5,2024-04-26,tcgdex
no card list,ja,トリプレットビート,CS1a,2024-04-26,tcgdex
no card list,ja,トリプレットビート,CS1b,2024-04-26,tcgdex
no card list,ja,トリプレットビート,CS2.5,2024-04-26,tcgdex
no card list,ja,トリプレットビート,CS2a,2024-04-26,tcgdex
no card list,ja,トリプレットビート,CS2b,2024-04-26,tcgdex
no card list,ja,トリプレットビート,CS3.5,2024-04-26,tcgdex
no card list,ja,トリプレットビート,CS3D,2024-04-26,tcgdex
no card list,ja,トリプレットビート,CS3a,2024-04-26,tcgdex
no card list,ja,トリプレットビート,CS3b,2024-04-26,tcgdex
no card list,ja,トリプレットビート,CS4,2024-04-26,tcgdex
no card list,ja,トリプレットビート,CS4Da,2024-04-26,tcgdex
no card list,ja,トリプレットビート,CS4a,2024-04-26,tcgdex
no card list,ja,トリプレットビート,CS4b,2024-04-26,tcgdex
no card list,ja,トリプレットビート,CSA,2024-04-26,tcgdex
no card list,ja,Chien-Pao ex Battle Master Deck,SVJP,2024-05-17,database.xlsx
no card list,ja,Terastal Charizard ex Battle Master Deck,SVJL,2024-05-17,database.xlsx
no card list,ja,Generations Starter Decks,SVM,2024-11-22,database.xlsx
no card list,ja,Battle Partners Deck Build Box,SVN,2025-01-24,database.xlsx
no card list,ja,Marnie's Morpeko & Grimmsnarl ex Starter Set ex,SVOM,2025-02-21,database.xlsx
no card list,ja,Steven's Beldum & Metagross ex Starter Set ex,SVOD,2025-02-21,database.xlsx
no card list,ja,MEGA Premium Trainer Box,MA,2025-08-01,database.xlsx
no card list,ja,Mega Evolution Energies,,2025-08-01,database.xlsx
no card list,ja,Mega Diancie ex Starter Set MEGA,MBD,2025-09-05,database.xlsx
no card list,ja,Mega Gengar ex Starter Set MEGA,MBG,2025-09-05,database.xlsx
no card list,ja,Start Deck 100 Battle Collection CoroCiao Version,MP1,2025-12-19,database.xlsx
no card list,ja,Eevee ex Starter Set ex,MEE,2026-07-31,database.xlsx
no card list,ja,Sprigatito & Meowscarada ex Starter Set ex,MEM,2026-07-31,database.xlsx
no card list,ja,Zorua & Zoroark ex Starter Set ex,MEZ,2026-07-31,database.xlsx
no card list,ja,30th Celebration,M6a,2026-09-16,database.xlsx
no card list,ja,30th Celebration Premium Deck Set - Espeon & Umbreon,MF,2026-09-16,database.xlsx
no card list,ja,Sword & Shield Promos,SP,,database.xlsx
no card list,ja,Sun & Moon Promos,SMP,,database.xlsx
no card list,ja,XY Promos,XYP,,database.xlsx
no card list,ja,Dialga & Palkia LV.X Constructed Standard Decks,,,database.xlsx
no card list,ja,Bastiodon the Defender & Rampardos the Attacker Constructed Half Decks,,,database.xlsx
no card list,ja,Leaders' Pokémon: Movie Limited Edition,,,database.xlsx
no card list,ja,Moonlit Pursuit & Dawn Dash,DP4,,database.xlsx
no card list,ja,Tropical Mega Battle,,,database.xlsx
no card list,ja,Miscellaneous Decks,,,database.xlsx
no card list,ja,Miscellaneous Promos,MP,,database.xlsx
no card list,ko,문 컬렉션,SM1M,2016-12-09,tcgdex
no card list,ko,썬 컬렉션,SM1S,2016-12-09,tcgdex
no card list,ko,알로라의 햇빛,SM2K,2017-03-17,tcgdex
no card list,ko,알로라의 달빛,SM2L,2017-03-17,tcgdex
no card list,ko,어둠을 밝힌 무지개,SM3H,2017-06-16,tcgdex
no card list,ko,빛을 삼킨 어둠,SM3N,2017-06-16,tcgdex
no card list,ko,초차원의 침략자,SM4A,2017-09-15,tcgdex
no card list,ko,각성의 용사,SM4S,2017-09-15,tcgdex
no card list,ko,울트라문,SM5M,2017-12-08,tcgdex
no card list,ko,울트라썬,SM5S,2017-12-08,tcgdex
no card list,ko,금단의 빛,SM6,2018-03-02,tcgdex
no card list,ko,드래곤스톰,SM6a,2018-04-06,tcgdex
no card list,ko,챔피언로드,SM6b,2018-05-30,tcgdex
no card list,ko,창공의 카리스마,SM7,2018-06-01,tcgdex
no card list,ko,플라스마 스파크,SM7a,2018-08-03,tcgdex
no card list,ko,페어리라이즈,SM7b,2018-08-03,tcgdex
no card list,ko,버스트임팩트,SM8,2018-09-07,tcgdex
no card list,ko,다크오더,SM8a,2018-10-05,tcgdex
no card list,ko,GX 울트라샤이니 ULTIMATE,SM8b,2018-10-05,tcgdex
no card list,ko,태그볼트,SM9,2018-12-07,tcgdex
no card list,ko,나이트유니슨,SM9a,2019-01-11,tcgdex
no card list,ko,풀메탈월,SM9b,2019-02-01,tcgdex
no card list,ko,더블블레이즈,SM10,2019-03-01,tcgdex
no card list,ko,GG엔드,SM10a,2019-04-05,tcgdex
no card list,ko,스카이레전드,SM10b,2019-04-26,tcgdex
no card list,ko,명탐정 피카츄,SMP2,2019-04-26,tcgdex
no card list,ko,미라클트윈,SM11,2019-05-31,tcgdex
no card list,ko,리믹스바우트,SM11a,2019-07-05,tcgdex
no card list,ko,드림리그,SM11b,2019-08-02,tcgdex
no card list,ko,얼터제네시스,SM12,2019-09-06,tcgdex
no card list,ko,TAG TEAM GX 태그올스타즈,SM12a,2019-10-04,tcgdex
no card list,ko,실드,S1H,2019-12-06,tcgdex
no card list,ko,소드,S1W,2019-12-06,tcgdex
no card list,ko,VMAX라이징,S1a,2020-02-07,tcgdex
no card list,ko,반역크래시,S2,2020-03-06,tcgdex
no card list,ko,폭염워커,S2a,2020-04-24,tcgdex
no card list,ko,무한존,S3,2020-06-05,tcgdex
no card list,ko,전설의 고동,S3a,2020-07-10,tcgdex
no card list,ko,앙천의 볼트태클,S4,2020-09-18,tcgdex
no card list,ko,샤이니스타V,S4a,2020-11-20,tcgdex
no card list,ko,일격마스터,S5I,2021-01-22,tcgdex
no card list,ko,연격마스터,S5R,2021-01-22,tcgdex
no card list,ko,쌍벽의 파이터,S5a,2021-03-19,tcgdex
no card list,ko,백은의 랜스,S6H,2021-04-23,tcgdex
no card list,ko,칠흑의 가이스트,S6K,2021-04-23,tcgdex
no card list,ko,이브이 히어로즈,S6a,2021-05-28,tcgdex
no card list,ko,마천퍼펙트,S7D,2021-07-09,tcgdex
no card list,ko,창공의스트림,S7R,2021-07-09,tcgdex
no card list,ko,퓨전아츠,S8,2021-09-24,tcgdex
no card list,ko,25th Anniversary,S8a,2021-10-22,tcgdex
no card list,ko,VMAX 클라이맥스,S8b,2021-12-03,tcgdex
no card list,ko,스타버스,S9,2022-01-14,tcgdex
no card list,ko,배틀리전,S9a,2022-02-25,tcgdex
no card list,ko,타임게이저,S10D,2022-04-08,tcgdex
no card list,ko,스페이스저글러,S10P,2022-04-08,tcgdex
no card list,ko,다크판타스마,S10a,2022-05-13,tcgdex
no card list,ko,Pokémon GO,S10b,2022-06-17,tcgdex
no card list,ko,트리플렛비트,S11,2022-07-15,tcgdex
no card list,ko,백열의 아르카나,S11a,2022-09-02,tcgdex
no card list,ko,패러다임트리거,S12,2022-10-21,tcgdex
no card list,ko,VSTAR 유니버스,S12a,2022-12-02,tcgdex
no card list,ko,스칼렛ex,SV1S,2023-01-20,tcgdex
no card list,ko,바이올렛ex,SV1V,2023-01-20,tcgdex
no card list,ko,트리플렛비트,SV1a,2023-03-10,tcgdex
no card list,ko,클레이버스트,SV2D,2023-04-14,tcgdex
no card list,ko,스노해저드,SV2P,2023-04-14,tcgdex
no card list,ko,포켓몬 카드 151,SV2a,2023-06-16,tcgdex
no card list,ko,흑염의 지배자,SV3,2023-07-28,tcgdex
no card list,ko,레이징서프,SV3a,2023-09-22,tcgdex
no card list,ko,샤이니트레저 ex,SV4a,2023-12-01,tcgdex
no card list,ko,사이버저지,SV5M,2024-01-26,tcgdex
no card list,ko,트리플렛비트,CS1.5,2024-04-26,tcgdex
no card list,ko,트리플렛비트,CS1a,2024-04-26,tcgdex
no card list,ko,트리플렛비트,CS1b,2024-04-26,tcgdex
no card list,ko,트리플렛비트,CS2.5,2024-04-26,tcgdex
no card list,ko,트리플렛비트,CS2a,2024-04-26,tcgdex
no card list,ko,트리플렛비트,CS2b,2024-04-26,tcgdex
no card list,ko,트리플렛비트,CS3.5,2024-04-26,tcgdex
no card list,ko,트리플렛비트,CS3D,2024-04-26,tcgdex
no card list,ko,트리플렛비트,CS3a,2024-04-26,tcgdex
no card list,ko,트리플렛비트,CS3b,2024-04-26,tcgdex
no card list,ko,트리플렛비트,CS4,2024-04-26,tcgdex
no card list,ko,트리플렛비트,CS4Da,2024-04-26,tcgdex
no card list,ko,트리플렛비트,CS4a,2024-04-26,tcgdex
no card list,ko,트리플렛비트,CS4b,2024-04-26,tcgdex
no card list,ko,트리플렛비트,CSA,2024-04-26,tcgdex
no card list,ko,크림슨헤이즈,SV5a,2024-05-24,tcgdex
no card list,ko,변환의 가면,SV6,2024-06-21,tcgdex
no card list,nl,Basis Set,BS,1999-01-09,tcgdex
no card list,nl,Jungle,JU,1999-06-16,tcgdex
no card list,nl,Fossiel,FO,1999-10-10,tcgdex
no card list,pl,Diament i Perla,DP,2007-05-01,tcgdex
no card list,pl,Tajemne Skarby,MT,2007-08-01,tcgdex
no card list,pt,Coleção Básica,BS,1999-01-09,tcgdex
no card list,pt,Selva,JU,1999-06-16,tcgdex
no card list,pt,Fóssil,FO,1999-10-10,tcgdex
no card list,pt,EX Rubi e Safira,RS,2003-07-01,tcgdex
no card list,pt,EX O Retorno da Equipe Rocket,TR,2004-11-01,tcgdex
no card list,pt,EX Deoxys,DX,2005-02-01,tcgdex
no card list,pt,EX Esmeralda,EM,2005-05-09,tcgdex
no card list,pt,EX Forças Ocultas,UF,2005-08-22,tcgdex
no card list,pt,Diamante & Pérola,DP,2007-05-01,tcgdex
no card list,pt,Tesouros Misteriosos,MT,2007-08-01,tcgdex
no card list,pt,Maravilhas Secretas,SW,2007-11-01,tcgdex
no card list,pt,HeartGold SoulSilver,HS,2010-02-10,tcgdex
no card list,pt,Revelado,UL,2010-05-12,tcgdex
no card list,pt,Destemido,UND,2010-08-18,tcgdex
no card list,pt,Triunfante,TRI,2010-11-03,tcgdex
no card list,pt,Chamado das Lendas,COL,2011-02-09,tcgdex
no card list,pt,Cofre do Dragão,DRV,2012-10-05,tcgdex
no card list,pt,Tesouros Lendários,LTR,2013-11-06,tcgdex
no card list,pt,Gerações,GEN,2016-02-22,tcgdex
no card list,pt,Destinos Ocultos,HIF,2019-08-23,tcgdex
no card list,pt,Destinos Ocultos Cofre Brilhante,sma,2019-08-23,tcgdex
no card list,pt,Celebrações Coleção Clássica,CEL:CC,2021-10-08,tcgdex
no card list,pt,Dominação Genética,A1,2024-10-30,tcgdex
no card list,pt,Promo-A,P-A,2024-10-30,tcgdex
no card list,pt,Ilha Mítica,A1a,2024-12-17,tcgdex
no card list,pt,Embate do Tempo e Espaço,A2,2025-01-30,tcgdex
no card list,pt,Luz Triunfante,A2a,2025-02-28,tcgdex
no card list,pt,Festival Brilhante,A2b,2025-03-27,tcgdex
no card list,pt,Guardiões Celestiais,A3,2025-04-30,tcgdex
no card list,pt,Nascentes Reclusas,A4a,2025-08-28,tcgdex
no card list,pt,Chama Carmesim,B1a,2025-12-17,tcgdex
no card list,pt,Desfile Onírico,B2,2026-01-29,tcgdex
no card list,pt,Paldean Wonders,B2a,2026-02-26,tcgdex
no card list,pt-br,Nascentes Reclusas,A4a,2025-08-28,tcgdex
no card list,pt-br,Chama Carmesim,B1a,2025-12-17,tcgdex
no card list,pt-br,Desfile Onírico,B2,2026-01-29,tcgdex
no card list,ru,Стартовый Набор Калоса,KSS,2013-11-08,tcgdex
no card list,ru,XY,XY,2014-02-05,tcgdex
no card list,ru,Огненная Вспышка,FLF,2014-05-07,tcgdex
no card list,ru,Яростный Кулак,FFI,2014-08-13,tcgdex
no card list,ru,Призрачные Силы,PHF,2014-11-05,tcgdex
no card list,ru,Первобытная Дуэль,PRC,2015-02-04,tcgdex
no card list,ru,Грохочущие Небеса,ROS,2015-05-06,tcgdex
no card list,ru,Древние Истоки,AOR,2015-08-12,tcgdex
no card list,ru,Турбо Импульс,BKT,2015-11-04,tcgdex
no card list,th,ซอร์ด แอนด์ ชีลด์,SC1D,2020-09-08,tcgdex
no card list,th,ซอร์ด แอนด์ ชีลด์ ชุด A,SC1a,2020-09-08,tcgdex
no card list,th,ซอร์ด แอนด์ ชีลด์ ชุด B,SC1b,2020-09-08,tcgdex
no card list,th,ชนี VMAX คอลเลกชัน ชุด A,SC3a,2021-01-29,tcgdex
no card list,th,ชนี VMAX คอลเลกชัน ชุด B,SC3b,2021-01-29,tcgdex
no card list,th,V Starter Deck บัดดี้,SCA,2021-01-29,tcgdex
no card list,th,ชาเลนจ์,SCB,2021-03-26,tcgdex
no card list,th,หอกหิมะขาว,S6H,2021-05-28,tcgdex
no card list,th,ภูตทมิฬ,S6K,2021-05-28,tcgdex
no card list,th,อีวุยฮีโร,S6a,2021-06-25,tcgdex
no card list,th,อีโวลู,SCC,2021-07-30,tcgdex
no card list,th,เพอร์เฟคระฟ้า,S7D,2021-08-27,tcgdex
no card list,th,สายน้ำแห่งนภา,S7R,2021-08-27,tcgdex
no card list,th,คอลเลกชันฉลองครบรอบ 25 ปี,S8a,2021-10-29,tcgdex
no card list,th,ฟิวชันอาร์ต,S8,2021-11-26,tcgdex
no card list,th,โปเกมอนเทรดดิ้งการ์ดเกม ชุดแฟมิลีแฮปปี้,SH,2021-11-26,tcgdex
no card list,th,VMAX ไคลแมกซ์,S8b,2021-12-17,tcgdex
no card list,th,Starter Deck เกรทพาวเวอร์,SCD,2022-01-28,tcgdex
no card list,th,เกรทพาวเวอร์,SCE,2022-01-28,tcgdex
no card list,th,สตาร์เบิร์ท,S9,2022-02-25,tcgdex
no card list,th,พสุธามหายุทธ,S9a,2022-04-29,tcgdex
no card list,th,การ์ดโปรโม ซอร์ด แอนด์ ชีลด์,S-P,2022-05-11,tcgdex
no card list,th,เจ้าแห่งกาลเวลา,S10D,2022-05-27,tcgdex
no card list,th,จอมมายาผ่ามิติ,S10P,2022-05-27,tcgdex
no card list,th,Pokémon GO,S10b,2022-06-24,tcgdex
no card list,th,ทริปเปิลบีต,S11,2022-08-26,tcgdex
no card list,th,อาร์คานาแห่งประกายแสง,S11a,2022-09-30,tcgdex
no card list,th,เปลี่ยนผ่าน,SCF,2022-11-11,tcgdex
no card list,th,ทริปเปิลบีต,CS1.5,2024-04-26,tcgdex
no card list,th,ทริปเปิลบีต,CS1a,2024-04-26,tcgdex
no card list,th,ทริปเปิลบีต,CS1b,2024-04-26,tcgdex
no card list,th,ทริปเปิลบีต,CS2.5,2024-04-26,tcgdex
no card list,th,ทริปเปิลบีต,CS2a,2024-04-26,tcgdex
no card list,th,ทริปเปิลบีต,CS2b,2024-04-26,tcgdex
no card list,th,ทริปเปิลบีต,CS3.5,2024-04-26,tcgdex
no card list,th,ทริปเปิลบีต,CS3D,2024-04-26,tcgdex
no card list,th,ทริปเปิลบีต,CS3a,2024-04-26,tcgdex
no card list,th,ทริปเปิลบีต,CS3b,2024-04-26,tcgdex
no card list,th,ทริปเปิลบีต,CS4,2024-04-26,tcgdex
no card list,th,ทริปเปิลบีต,CS4Da,2024-04-26,tcgdex
no card list,th,ทริปเปิลบีต,CS4a,2024-04-26,tcgdex
no card list,th,ทริปเปิลบีต,CS4b,2024-04-26,tcgdex
no card list,th,ทริปเปิลบีต,CSA,2024-04-26,tcgdex
no card list,zh-cn,风暴涌现,csm1a,2022-10-22,tcgdex
no card list,zh-cn,风暴涌现,csm1b,2022-10-22,tcgdex
no card list,zh-cn,风暴涌现,csm1c,2022-10-22,tcgdex
no card list,zh-cn,战斗精英,csm1.5,2022-12-16,tcgdex
no card list,zh-cn,闪耀协同效应,csm2a,2023-01-18,tcgdex
no card list,zh-cn,闪耀协同效应,csm2b,2023-01-18,tcgdex
no card list,zh-cn,闪耀协同效应,csm2c,2023-01-18,tcgdex
no card list,zh-cn,精彩的比赛,csm2.5,2023-03-13,tcgdex
no card list,zh-cn,Gym Event Promo Pack Vol. 1,,2023-05-19,database.xlsx
no card list,zh-cn,Gym Event Promo Pack Vol. 2,,2023-08-18,database.xlsx
no card list,zh-cn,Gym Event Promo Pack Vol. 3,,2023-11-17,database.xlsx
no card list,zh-cn,Gym Event Promo Pack Vol. 4,,2024-03-01,database.xlsx
no card list,zh-cn,Gym Event Promo Pack Vol. 5,,2024-06-18,database.xlsx
no card list,zh-cn,Gym Event Promo Pack Vol. 6,,2024-09-20,database.xlsx
no card list,zh-cn,Scarlet & Violet Energies,,2025-05-16,database.xlsx
no card list,zh-cn,30th Anniversay Celebration,30thP,2026-03-20,database.xlsx
no card list,zh-cn,30th Celebration,30thC,2026-09-16,database.xlsx
no card list,zh-cn,Mega Evolution Promos,MP,,database.xlsx
no card list,zh-tw,三連音爆,CS1.5,2024-04-26,tcgdex
no card list,zh-tw,三連音爆,CS1a,2024-04-26,tcgdex
no card list,zh-tw,三連音爆,CS1b,2024-04-26,tcgdex
no card list,zh-tw,三連音爆,CS2.5,2024-04-26,tcgdex
no card list,zh-tw,三連音爆,CS2a,2024-04-26,tcgdex
no card list,zh-tw,三連音爆,CS2b,2024-04-26,tcgdex
no card list,zh-tw,三連音爆,CS3.5,2024-04-26,tcgdex
no card list,zh-tw,三連音爆,CS3D,2024-04-26,tcgdex
no card list,zh-tw,三連音爆,CS3a,2024-04-26,tcgdex
no card list,zh-tw,三連音爆,CS3b,2024-04-26,tcgdex
no card list,zh-tw,三連音爆,CS4,2024-04-26,tcgdex
no card list,zh-tw,三連音爆,CS4Da,2024-04-26,tcgdex
no card list,zh-tw,三連音爆,CS4a,2024-04-26,tcgdex
no card list,zh-tw,三連音爆,CS4b,2024-04-26,tcgdex
no card list,zh-tw,三連音爆,CSA,2024-04-26,tcgdex
release date conflict,en,Wizards of the Coast Promos,WP,database.xlsx=1999-07-01  tcgdex=1999-09-01,
release date conflict,en,EX Ruby & Sapphire,RS,database.xlsx=2003-06-18  tcgdex=2003-07-01,
release date conflict,en,Nintendo Promos,NP,database.xlsx=2003-09-01  tcgdex=2003-10-01,
release date conflict,en,EX Sandstorm,SS,database.xlsx=2003-09-17  tcgdex=2003-09-18,
release date conflict,en,EX Team Magma vs Team Aqua,MA,database.xlsx=2004-03-15  tcgdex=2004-03-01,
release date conflict,en,EX FireRed & LeafGreen,RG,database.xlsx=2004-08-30  tcgdex=2004-09-01,
release date conflict,en,EX Deoxys,DX,database.xlsx=2005-02-14  tcgdex=2005-02-01,
release date conflict,en,EX Power Keepers,PK,database.xlsx=2007-02-14  tcgdex=2007-02-17,
release date conflict,en,Diamond & Pearl,DP,database.xlsx=2007-05-23  tcgdex=2007-05-01,
release date conflict,en,Mysterious Treasures,MT,database.xlsx=2007-08-22  tcgdex=2007-08-01,
release date conflict,en,Secret Wonders,SW,database.xlsx=2007-11-07  tcgdex=2007-11-01,
release date conflict,en,Great Encounters,GE,database.xlsx=2008-02-13  tcgdex=2008-02-01,
release date conflict,en,Majestic Dawn,MD,database.xlsx=2008-05-21  tcgdex=2008-05-01,
release date conflict,en,Legends Awakened,LA,database.xlsx=2008-08-20  tcgdex=2008-08-01,
release date conflict,en,Stormfront,SF,database.xlsx=2008-11-05  tcgdex=2008-11-01,
release date conflict,en,Rising Rivals,RR,database.xlsx=2009-05-20  tcgdex=2009-05-16,
release date conflict,en,Triumphant,TM,database.xlsx=2010-11-02  tcgdex=2010-11-03,
release date conflict,en,Black & White Promos,BWP,database.xlsx=2011-03-01  tcgdex=2011-04-26,
release date conflict,en,XY Promos,XYP,database.xlsx=2013-09-30  tcgdex=2013-10-12,
release date conflict,en,Sun & Moon Promos,SMP,database.xlsx=2016-10-31  tcgdex=2017-02-03,
release date conflict,en,Team Up,TEU,database.xlsx=2019-02-01  tcgdex=2019-01-31,
release date conflict,en,Scarlet & Violet Promos,SVP,database.xlsx=2023-01-01  tcgdex=2023-03-31,
release date conflict,en,Black Bolt,BLK,database.xlsx=2025-07-18  tcgdex=2025-07-17,
release date conflict,en,White Flare,WHT,database.xlsx=2025-07-18  tcgdex=2025-07-17,
release date conflict,en,Mega Evolution Promos,MEP,database.xlsx=2025-09-13  tcgdex=2025-09-26,
release date conflict,en,Mega Evolution Energies,MEE,database.xlsx=2025-09-26  tcgdex=2025-09-25,
release date conflict,ja,Rising Fist,XY3,database.xlsx=2014-06-14  tcgdex=2014-09-13,
release date conflict,ja,Champion Road,SM6b,database.xlsx=2018-05-03  tcgdex=2018-05-30,
release date conflict,ja,Thunderclap Spark,SM7a,database.xlsx=2018-07-06  tcgdex=2018-08-03,
release date conflict,ja,GX Ultra Shiny,SM8b,database.xlsx=2018-11-02  tcgdex=2018-10-05,
release date conflict,zh-cn,Storming Emergence (Radiant),CSM1aC,database.xlsx=2022-10-28  pikaqian_cards.xlsx=2022-10-28  tcgdex=2020-10-28,
release date conflict,zh-cn,Storming Emergence (Verdant),CSM1bC,database.xlsx=2022-10-28  pikaqian_cards.xlsx=2022-10-28  tcgdex=2020-10-28,
release date conflict,zh-cn,Storming Emergence (Abundant),CSM1cC,database.xlsx=2022-10-28  pikaqian_cards.xlsx=2022-10-28  tcgdex=2020-10-28,
release date conflict,zh-cn,Battle Party Set (Grass Modification Pack),CSMPjC,database.xlsx=2023-04-15  pikaqian_cards.xlsx=2023-12-16,
release date conflict,zh-cn,Battle Party Set (Fire Modification Pack),CSMPkC,database.xlsx=2023-04-15  pikaqian_cards.xlsx=2023-12-16,
release date conflict,zh-cn,Battle Party Set (Water Modification Pack),CSMPlC,database.xlsx=2023-04-15  pikaqian_cards.xlsx=2023-12-16,
release date conflict,zh-cn,Battle Party Set (Lightning Modification Pack),CSMPmC,database.xlsx=2023-04-15  pikaqian_cards.xlsx=2023-12-16,
release date conflict,zh-cn,Battle Party Set (Psychic Modification Pack),CSMPnC,database.xlsx=2023-04-15  pikaqian_cards.xlsx=2023-12-16,
release date conflict,zh-cn,Battle Party Set (Fighting Modification Pack),CSMPoC,database.xlsx=2023-04-15  pikaqian_cards.xlsx=2023-12-16,
release date conflict,zh-cn,Battle Party Set (Darkness Modification Pack),CSMPpC,database.xlsx=2023-04-15  pikaqian_cards.xlsx=2023-12-16,
release date conflict,zh-cn,Battle Party Set (Metal Modification Pack),CSMPqC,database.xlsx=2023-04-15  pikaqian_cards.xlsx=2023-12-16,
release date conflict,zh-cn,Collect 151,151C,database.xlsx=2025-01-17  pikaqian_cards.xlsx=2025-10-17,
release date conflict,zh-cn,Blade Awakening,CSV7C,database.xlsx=2026-01-16  pikaqian_cards.xlsx=2026-01-17  tcgdex=2026-01-16,
release date conflict,zh-cn,Gem Pack Vol. 4,CBB4C,database.xlsx=2026-02-06  pikaqian_cards.xlsx=2026-02-26  tcgdex=2026-02-26,
